City,Country,Date,Lat,Lng,Max Temp,Humidity,Cloudiness,Wind Speed,Current Description
Abay,KZ,2021-06-06 23:05:08,49.6311,72.8539,39.58,48,31,8.19,scattered clouds
Abnūb,EG,2021-06-06 23:05:08,27.2696,31.1511,75.54,36,18,17.94,few clouds
Abu Samrah,SY,2021-06-06 23:05:09,35.3029,37.1841,66.25,43,0,6.78,clear sky
Abū Zabad,SD,2021-06-06 23:09:07,12.35,29.25,82.69,50,81,12.75,broken clouds
Acapulco de Juárez,MX,2021-06-06 23:14:00,16.8634,-99.8901,89.42,70,75,10.74,broken clouds
Acaraú,BR,2021-06-06 23:14:00,-2.8856,-40.12,77.83,86,30,9.37,scattered clouds
Ada,US,2021-06-06 23:14:00,43.4166,-116.1262,76.35,21,1,15.01,clear sky
Adrar,MR,2021-06-06 23:05:10,20.5022,-10.0711,95.04,13,71,18.7,broken clouds
Agadez,NE,2021-06-06 23:14:01,19.75,10.25,90.3,10,100,9.35,overcast clouds
Santa Cruz,MA,2021-06-06 23:11:10,30.4202,-9.5982,66.65,86,49,7.58,scattered clouds
Agropoli,IT,2021-06-06 23:14:01,40.3469,14.9966,70.29,69,15,3.89,few clouds
Ahipara,NZ,2021-06-06 23:14:02,-35.1667,173.1667,61.75,89,100,9.13,moderate rain
‘Āhuimanu,US,2021-06-06 23:11:20,21.4447,-157.8378,83.91,59,90,12.66,overcast clouds
Airai,TL,2021-06-06 23:14:02,-8.9266,125.4092,59.95,72,47,2.55,scattered clouds
Aklavik,CA,2021-06-06 23:00:48,68.2191,-135.0107,51.17,38,12,8.63,few clouds
Aksarka,RU,2021-06-06 23:05:11,66.5606,67.7975,35.2,66,13,2.48,few clouds
Aksu,CN,2021-06-06 23:11:41,41.1231,80.2644,72.86,29,47,5.64,scattered clouds
Alamor,EC,2021-06-06 23:14:03,-4.0181,-80.0197,57.88,96,100,1.61,light rain
Albany,US,2021-06-06 23:10:59,42.6001,-73.9662,85.95,48,46,5.03,scattered clouds
Albury,AU,2021-06-06 23:05:12,-36.0833,146.9167,52.02,96,40,0.0,scattered clouds
Aldan,RU,2021-06-06 23:05:12,58.6031,125.3894,50.81,90,71,10.8,broken clouds
Alofi,NU,2021-06-06 23:11:19,-19.0595,-169.9187,76.89,59,54,10.02,broken clouds
Alta Floresta,BR,2021-06-06 23:05:13,-9.8756,-56.0861,76.93,61,70,3.47,broken clouds
Altay,CN,2021-06-06 23:01:16,47.8667,88.1167,51.84,39,0,6.51,clear sky
Alyangula,AU,2021-06-06 23:14:03,-13.8483,136.4192,76.8,73,49,10.51,scattered clouds
Amapá,BR,2021-06-06 23:05:13,1.0,-52.0,72.54,97,93,2.19,light rain
Amarpur,IN,2021-06-06 23:05:14,25.0333,86.9,90.34,42,7,0.96,clear sky
Ambilobe,MG,2021-06-06 23:14:04,-13.2,49.05,70.2,91,80,3.09,broken clouds
Ambon City,ID,2021-06-06 23:12:07,-3.6954,128.1814,77.14,94,40,9.57,scattered clouds
Amparafaravola,MG,2021-06-06 23:05:14,-17.5833,48.2167,60.67,82,98,8.75,overcast clouds
Anadyr,RU,2021-06-06 23:14:05,64.75,177.4833,46.9,57,75,8.19,light rain
Ancud,CL,2021-06-06 23:14:05,-41.8697,-73.8203,52.23,85,100,16.35,light rain
Andenes,NO,2021-06-06 23:05:15,69.3143,16.1194,57.47,71,90,4.61,overcast clouds
Aného,TG,2021-06-06 23:05:16,6.2333,1.6,80.62,80,22,11.92,few clouds
Antsohihy,MG,2021-06-06 23:05:16,-14.8796,47.9875,71.01,74,50,7.18,scattered clouds
Aranda de Duero,ES,2021-06-06 23:03:11,41.6704,-3.6892,56.23,70,8,4.52,clear sky
Arendonk,BE,2021-06-06 23:05:17,51.3227,5.0829,58.8,78,0,5.53,clear sky
Arlit,NE,2021-06-06 23:01:27,18.7369,7.3853,92.86,13,54,10.47,broken clouds
Arman',RU,2021-06-06 23:14:06,59.7,150.1667,51.06,69,71,4.63,broken clouds
Arraial do Cabo,BR,2021-06-06 23:14:06,-22.9661,-42.0278,74.01,86,100,20.47,overcast clouds
Arvika,SE,2021-06-06 23:05:17,59.6553,12.5852,65.1,96,96,2.33,overcast clouds
Asău,RO,2021-06-06 23:10:44,46.4333,26.4,56.39,78,4,4.85,clear sky
Ascension,US,2021-06-06 23:05:17,30.2169,-90.9001,80.6,90,90,6.91,overcast clouds
Aswān,EG,2021-06-06 23:12:49,24.0934,32.907,83.77,16,3,13.35,clear sky
Atambua,ID,2021-06-06 23:14:07,-9.1061,124.8925,71.85,75,33,4.52,scattered clouds
Atar,MR,2021-06-06 23:14:07,20.5169,-13.0499,95.36,15,8,21.05,clear sky
Atuona,PF,2021-06-06 23:11:00,-9.8,-139.0333,80.19,62,61,6.73,broken clouds
Auki,SB,2021-06-06 23:14:08,-8.7676,160.7034,83.75,70,12,3.09,few clouds
Avarua,CK,2021-06-06 23:14:08,-21.2078,-159.775,77.05,61,75,3.44,broken clouds
Ubari,LY,2021-06-06 23:05:18,26.5921,12.7805,83.62,18,94,11.32,overcast clouds
Awjilah,LY,2021-06-06 23:14:09,29.1081,21.2869,74.57,34,0,8.57,clear sky
Esim,GH,2021-06-06 23:14:09,4.8699,-2.2405,79.14,82,11,8.9,few clouds
Ayagoz,KZ,2021-06-06 23:05:19,47.9714,80.4392,47.07,68,30,9.13,scattered clouds
Ayan,RU,2021-06-06 23:12:27,56.45,138.1667,41.85,89,99,4.25,overcast clouds
Aykhal,RU,2021-06-06 23:05:19,66.0,111.5,36.91,75,93,26.33,overcast clouds
Baharly,TM,2021-06-06 23:03:33,38.4362,57.4316,77.86,44,0,7.54,clear sky
Bahir Dar,ET,2021-06-06 23:01:12,11.5936,37.3908,67.03,67,63,4.79,broken clouds
Bairiki Village,KI,2021-06-06 23:13:24,1.3292,172.9752,86.0,70,75,10.47,broken clouds
Balabac,PH,2021-06-06 23:05:20,7.9868,117.0645,83.28,79,100,7.9,overcast clouds
Balaipungut,ID,2021-06-06 23:05:20,1.05,101.2833,79.21,86,60,0.54,broken clouds
Balkanabat,TM,2021-06-06 23:14:10,39.5108,54.3671,74.48,55,0,8.86,clear sky
Bambous Virieux,MU,2021-06-06 23:14:11,-20.3428,57.7575,71.22,82,35,14.43,light rain
Bandarbeyla,SO,2021-06-06 23:05:21,9.4942,50.8122,78.87,87,3,25.34,clear sky
Banyo,CM,2021-06-06 23:05:22,6.75,11.8167,65.5,92,98,2.42,overcast clouds
Bar Harbor,US,2021-06-06 23:03:53,44.3876,-68.2039,82.89,71,20,6.91,few clouds
Barabinsk,RU,2021-06-06 23:05:22,55.3571,78.357,53.19,75,1,7.4,clear sky
Barrow,US,2021-06-06 23:11:03,71.2906,-156.7887,32.02,86,90,13.8,mist
Baruun-Urt,MN,2021-06-06 23:05:23,46.6806,113.2792,66.76,45,100,11.83,overcast clouds
Batken,KG,2021-06-06 23:05:23,39.8333,71.0,60.12,45,63,8.5,broken clouds
Batticaloa,LK,2021-06-06 23:05:24,7.7102,81.6924,80.49,76,93,2.57,overcast clouds
Bayan,CN,2021-06-06 23:05:18,46.0833,127.4,61.29,75,1,3.42,clear sky
Beaufort,MY,2021-06-06 23:05:24,5.3473,115.7455,76.12,94,99,2.57,overcast clouds
Bengkulu,ID,2021-06-06 23:14:01,-3.8004,102.2655,73.58,89,25,3.71,scattered clouds
Benguela,AO,2021-06-06 23:05:25,-12.5763,13.4055,73.74,70,15,1.28,few clouds
Bereda,ES,2021-06-06 23:14:12,43.2686,-7.5406,55.92,100,70,3.47,broken clouds
Beringovskiy,RU,2021-06-06 23:14:12,63.05,179.3167,34.68,99,100,4.63,light rain
Berlevåg,NO,2021-06-06 23:14:13,70.8578,29.0864,39.25,72,6,0.78,clear sky
Betafo,MG,2021-06-06 23:05:25,-19.8333,46.85,52.14,89,93,7.23,overcast clouds
Bethel,US,2021-06-06 23:14:13,41.3712,-73.414,88.88,64,34,4.74,scattered clouds
Beyneu,KZ,2021-06-06 23:05:26,45.3167,55.2,65.53,50,1,10.47,clear sky
Bhānvad,IN,2021-06-06 23:05:26,21.9264,69.7736,83.64,66,4,9.42,clear sky
Bhinga,IN,2021-06-06 23:05:26,27.7167,81.9333,90.45,33,4,2.62,clear sky
Bhīnmāl,IN,2021-06-06 23:05:27,25.0,72.25,86.04,60,0,11.59,clear sky
Biak,ID,2021-06-06 23:14:14,-0.9131,122.8766,77.22,75,85,4.47,overcast clouds
Bichura,RU,2021-06-06 23:05:27,50.5881,107.6022,41.07,97,100,1.77,overcast clouds
Bilibino,RU,2021-06-06 23:14:14,68.0546,166.4372,66.9,39,6,6.58,clear sky
Biloela,AU,2021-06-06 23:05:28,-24.4167,150.5,62.1,46,0,4.65,clear sky
Bima,ID,2021-06-06 23:05:28,-8.4667,118.7167,75.74,91,45,2.51,scattered clouds
Birjand,IR,2021-06-06 23:05:28,32.8663,59.2211,79.92,23,0,7.78,clear sky
Bisira,PA,2021-06-06 23:05:29,8.5196,-81.7115,66.25,86,71,3.18,broken clouds
Bluff,NZ,2021-06-06 23:13:30,-46.6,168.3333,49.8,80,61,8.32,broken clouds
Boca do Acre,BR,2021-06-06 23:05:29,-8.7522,-67.3978,74.88,95,96,3.2,overcast clouds
Boende,CD,2021-06-06 23:11:45,-0.2167,20.8667,70.25,98,100,1.59,overcast clouds
Bom Jesus,BR,2021-06-06 23:05:29,-9.0744,-44.3586,78.35,36,100,4.97,overcast clouds
Boma,GH,2021-06-06 23:05:30,7.0805,-2.1697,73.38,94,32,3.29,scattered clouds
Bonavista,CA,2021-06-06 23:05:30,48.6499,-53.1147,39.16,85,75,17.92,broken clouds
Bontang,ID,2021-06-06 23:14:15,0.1333,117.5,77.95,88,100,6.11,heavy intensity rain
Bonthe,SL,2021-06-06 23:14:16,7.5264,-12.505,80.02,87,100,8.7,light rain
Borogontsy,RU,2021-06-06 23:14:16,62.6683,131.1683,55.72,62,99,5.84,overcast clouds
Borovoy,RU,2021-06-06 23:05:31,55.4333,86.0833,56.48,76,0,6.73,clear sky
Bowmore,US,2021-06-06 23:05:31,34.9421,-79.3031,80.89,83,1,7.7,clear sky
Boyolangu,ID,2021-06-06 23:05:31,-8.1181,111.8935,74.68,93,47,1.52,scattered clouds
Brae,GB,2021-06-06 23:13:12,60.3964,-1.353,48.11,83,41,3.44,scattered clouds
Brainerd,US,2021-06-06 23:00:55,46.358,-94.2008,92.98,64,47,9.35,scattered clouds
Bredasdorp,ZA,2021-06-06 23:14:17,-34.5322,20.0403,57.27,34,4,6.62,clear sky
Broken Hill,AU,2021-06-06 23:05:32,-31.95,141.4333,52.7,52,26,16.33,scattered clouds
Broome,US,2021-06-06 23:13:58,42.2506,-75.833,86.58,52,1,3.47,clear sky
Brownfield,US,2021-06-06 23:05:32,33.1812,-102.2744,96.93,22,13,7.47,few clouds
Buala,SB,2021-06-06 23:05:33,-8.145,159.5921,84.2,72,48,8.66,light rain
Buchanan,LR,2021-06-06 23:14:18,5.8808,-10.0467,76.96,84,99,8.79,overcast clouds
Bud,US,2021-06-06 23:05:33,39.447,-86.1758,82.35,86,100,11.5,overcast clouds
Buin,CL,2021-06-06 23:05:34,-33.7333,-70.75,62.74,55,100,2.8,overcast clouds
Buraidah,SA,2021-06-06 23:14:19,26.326,43.975,87.96,11,6,10.89,clear sky
Burnie,AU,2021-06-06 23:14:19,-41.0667,145.9167,55.89,87,100,20.94,light rain
Burns Lake,CA,2021-06-06 23:05:34,54.2331,-125.7533,56.35,38,100,5.41,overcast clouds
Busselton,AU,2021-06-06 23:14:19,-33.65,115.3333,46.09,78,0,7.83,clear sky
Butaritari,KI,2021-06-06 23:12:47,3.0707,172.7902,82.58,72,12,8.48,light rain
Cabo San Lucas,MX,2021-06-06 23:11:00,22.8909,-109.9124,100.51,39,1,9.22,clear sky
Cabudare,VE,2021-06-06 23:05:35,10.0289,-69.0894,73.09,90,100,1.5,overcast clouds
Cairns,AU,2021-06-06 23:14:20,-16.9167,145.7667,73.35,86,90,9.22,overcast clouds
Calvià,ES,2021-06-06 23:05:35,39.5657,2.5062,65.91,83,0,4.88,clear sky
Camacha,PT,2021-06-06 23:05:36,33.0833,-16.3333,63.36,77,40,8.05,scattered clouds
Camacupa,AO,2021-06-06 23:05:36,-12.0167,17.4833,53.55,55,55,3.31,broken clouds
Camaná,PE,2021-06-06 23:14:20,-16.6228,-72.7111,64.08,83,26,5.91,scattered clouds
Camiri,BO,2021-06-06 23:05:37,-20.05,-63.5167,68.16,71,95,2.3,overcast clouds
Cap Malheureux,MU,2021-06-06 23:14:21,-19.9842,57.6142,71.47,84,9,3.0,light rain
Cape Town,ZA,2021-06-06 23:14:21,-33.9258,18.4232,71.35,22,12,13.22,few clouds
Ciudad del Carmen,MX,2021-06-06 23:05:11,18.6333,-91.8333,93.24,49,75,6.91,broken clouds
Carnarvon,AU,2021-06-06 23:14:22,-24.8667,113.6333,60.87,72,75,9.22,broken clouds
Carnot,CF,2021-06-06 23:05:37,4.9409,15.8665,67.96,97,71,0.6,broken clouds
Carutapera,BR,2021-06-06 23:05:38,-1.195,-46.02,74.8,94,16,5.39,moderate rain
Cassilândia,BR,2021-06-06 23:05:38,-19.1133,-51.7342,74.53,39,31,2.39,scattered clouds
Castro,BR,2021-06-06 23:13:54,-24.7911,-50.0119,60.35,71,96,3.49,overcast clouds
Cayenne,GF,2021-06-06 23:11:33,4.9333,-52.3333,79.09,87,0,5.48,clear sky
Cedar City,US,2021-06-06 23:05:39,37.6775,-113.0619,86.97,8,1,25.32,clear sky
Champerico,GT,2021-06-06 23:14:22,14.3,-91.9167,87.35,69,42,7.05,scattered clouds
Champotón,MX,2021-06-06 23:05:39,19.35,-90.7167,91.42,52,61,5.28,broken clouds
Charyshskoye,RU,2021-06-06 23:05:40,51.3978,83.5598,46.35,80,0,4.92,clear sky
Chernyshevskiy,RU,2021-06-06 23:05:40,63.0128,112.4714,42.33,56,8,15.66,clear sky
Chifeng,CN,2021-06-06 23:05:40,42.2683,118.9636,67.62,44,95,6.13,light rain
Chimbote,PE,2021-06-06 23:05:41,-9.0853,-78.5783,65.26,83,70,7.27,broken clouds
Chokurdakh,RU,2021-06-06 23:11:25,70.6333,147.9167,38.88,68,99,5.77,overcast clouds
Chumikan,RU,2021-06-06 23:14:23,54.7183,135.315,40.71,84,88,4.45,overcast clouds
Chui,UY,2021-06-06 23:12:52,-33.6971,-53.4616,50.38,79,83,5.95,broken clouds
Cidreira,BR,2021-06-06 23:11:14,-30.1811,-50.2056,63.05,76,100,11.05,moderate rain
Clyde River,CA,2021-06-06 23:13:46,70.4692,-68.5914,34.03,93,90,11.5,overcast clouds
Cockburn Town,TC,2021-06-06 23:14:24,21.4612,-71.1419,79.97,80,18,21.99,few clouds
Codrington,AU,2021-06-06 23:14:24,-38.2667,141.9667,57.27,62,100,22.57,overcast clouds
Cody,US,2021-06-06 23:02:26,44.5263,-109.0565,79.92,27,30,8.99,scattered clouds
Coyhaique,CL,2021-06-06 23:14:25,-45.5752,-72.0662,44.55,81,75,6.91,light rain
Colac,AU,2021-06-06 23:05:42,-38.3333,143.5833,55.62,67,97,15.95,overcast clouds
College,US,2021-06-06 23:14:25,64.8569,-147.8028,71.26,54,75,25.32,light rain
Comodoro Rivadavia,AR,2021-06-06 23:12:21,-45.8667,-67.5,51.66,46,0,14.97,clear sky
Constitución,CL,2021-06-06 23:14:25,-35.3333,-72.4167,51.93,72,100,8.99,overcast clouds
Copiapó,CL,2021-06-06 23:05:42,-27.3667,-70.3333,61.11,66,0,1.14,clear sky
Coquimbo,CL,2021-06-06 23:14:26,-29.9533,-71.3436,55.13,87,90,6.53,overcast clouds
Cuamba,MZ,2021-06-06 23:05:43,-14.8031,36.5372,60.48,87,37,7.47,scattered clouds
Dalby,AU,2021-06-06 23:01:32,-27.1833,151.2667,56.71,48,0,2.24,clear sky
Dalvik,IS,2021-06-06 23:05:44,65.9702,-18.5286,51.17,69,82,7.18,broken clouds
Darhan,MN,2021-06-06 23:05:44,49.4867,105.9228,44.13,91,100,10.29,overcast clouds
Daru,PG,2021-06-06 23:14:27,-9.0763,143.2092,77.4,89,98,17.43,overcast clouds
Dashitou,CN,2021-06-06 23:05:44,43.3067,128.5114,56.97,86,6,2.08,clear sky
Deputatsky,RU,2021-06-06 23:12:46,69.3,139.9,43.63,57,7,4.68,clear sky
Digha,IN,2021-06-06 23:05:45,21.6833,87.55,86.0,77,100,17.4,overcast clouds
Dikson,RU,2021-06-06 23:14:28,73.5069,80.5464,29.35,92,100,11.97,overcast clouds
Dingle,PH,2021-06-06 23:14:28,10.9995,122.6711,78.48,82,100,2.04,light rain
Dinguiraye,GN,2021-06-06 23:14:28,11.3,-10.7167,79.0,55,36,1.39,scattered clouds
Doha,QA,2021-06-06 23:11:54,25.2867,51.5333,93.18,62,0,4.61,clear sky
Domoni,KM,2021-06-06 23:05:46,-12.2569,44.5319,77.49,77,82,11.74,broken clouds
Dongsheng,CN,2021-06-06 23:05:46,39.8161,109.9776,67.71,43,100,13.51,overcast clouds
Donja Dubica,BA,2021-06-06 23:05:46,45.075,18.4114,66.27,93,99,2.1,overcast clouds
Durban,ZA,2021-06-06 23:04:17,-29.8579,31.0292,60.03,86,0,7.0,clear sky
East London,ZA,2021-06-06 23:10:51,-33.0153,27.9116,62.28,39,0,9.24,clear sky
Emerald,AU,2021-06-06 23:12:28,-23.5333,148.1667,60.35,43,0,7.14,clear sky
Erenhot,CN,2021-06-06 23:02:59,43.6475,111.9767,70.74,28,78,12.48,broken clouds
Española,US,2021-06-06 23:05:40,35.9911,-106.0806,82.96,24,87,12.53,overcast clouds
Esperance,AU,2021-06-06 23:13:30,-33.8667,121.9,57.67,61,100,27.4,overcast clouds
Evensk,RU,2021-06-06 23:14:29,61.95,159.2333,43.97,81,100,4.25,overcast clouds
‘Ewa Beach,US,2021-06-06 23:05:44,21.3156,-158.0072,84.15,54,40,18.01,scattered clouds
Exeter,GB,2021-06-06 23:04:46,50.7236,-3.5275,57.49,90,3,3.87,clear sky
Eyl,SO,2021-06-06 23:02:12,7.9803,49.8164,78.64,86,1,21.7,clear sky
Faanui,PF,2021-06-06 23:05:48,-16.4833,-151.75,80.98,77,82,11.72,broken clouds
Fairbanks,US,2021-06-06 23:13:45,64.8378,-147.7164,68.34,55,90,13.8,light rain
Faranah,GN,2021-06-06 23:05:48,10.0404,-10.7434,76.95,74,21,6.06,few clouds
Faya,SA,2021-06-06 23:13:41,18.3851,42.4509,68.52,48,6,2.75,clear sky
Flinders,AU,2021-06-06 23:05:49,-34.5833,150.8552,60.06,72,89,5.64,overcast clouds
Fortuna,US,2021-06-06 23:11:52,40.5982,-124.1573,70.2,60,20,5.01,few clouds
Gafanha da Encarnação,PT,2021-06-06 23:05:49,40.6181,-8.733,62.28,78,1,8.19,clear sky
Gália,BR,2021-06-06 23:05:49,-22.2914,-49.5528,72.59,45,48,4.05,scattered clouds
Galle,LK,2021-06-06 23:14:31,6.0367,80.217,79.88,85,93,11.45,overcast clouds
Gamba,GA,2021-06-06 23:14:31,-2.65,10.0,75.13,96,95,4.92,overcast clouds
Garmsār,IR,2021-06-06 23:05:50,35.2182,52.3409,86.0,18,0,12.33,clear sky
Kiryat Gat,IL,2021-06-06 23:14:32,31.61,34.7642,68.68,74,0,1.36,clear sky
Gboko,NG,2021-06-06 23:05:51,7.3179,8.9951,75.11,89,99,10.36,light rain
General Pico,AR,2021-06-06 23:05:51,-35.6566,-63.7568,48.6,51,93,7.4,overcast clouds
General Roca,AR,2021-06-06 23:05:52,-39.0333,-67.5833,52.5,48,100,8.01,overcast clouds
George Town,MY,2021-06-06 23:12:52,5.4112,100.3354,80.53,90,20,1.01,few clouds
Geraldton,AU,2021-06-06 23:14:32,-28.7667,114.6,55.81,82,94,17.67,overcast clouds
Gimli,CA,2021-06-06 23:05:54,50.6336,-96.9907,80.06,50,41,18.66,scattered clouds
Ginir,ET,2021-06-06 23:05:54,7.1333,40.7,55.98,87,58,6.33,broken clouds
Gizo Government Station,SB,2021-06-06 23:14:33,-8.103,156.8419,83.01,74,33,5.06,scattered clouds
Gold Coast,AU,2021-06-06 23:05:54,-28.0,153.4333,65.03,75,0,1.99,clear sky
Gorontalo,ID,2021-06-06 23:05:55,0.5412,123.0595,76.42,93,100,1.7,overcast clouds
Gouré,NE,2021-06-06 23:05:55,13.9835,10.2704,86.72,34,59,11.72,broken clouds
Grand Gaube,MU,2021-06-06 23:05:56,-20.0064,57.6608,71.38,85,12,1.99,light rain
Grants,US,2021-06-06 23:05:56,35.1473,-107.8514,91.63,7,1,18.41,clear sky
Gravdal,NO,2021-06-06 23:14:34,68.1214,13.5031,53.08,74,87,6.13,overcast clouds
Greenville,US,2021-06-06 23:05:56,35.6127,-77.3663,86.16,67,40,8.05,scattered clouds
Grindavik,IS,2021-06-06 23:14:35,63.8424,-22.4338,48.67,93,75,15.55,broken clouds
Guaduas,CO,2021-06-06 23:05:57,5.0669,-74.595,78.67,94,88,2.04,overcast clouds
Guane,CU,2021-06-06 23:05:57,22.2025,-84.0875,83.34,72,72,7.67,broken clouds
Guarapari,BR,2021-06-06 23:03:18,-20.6667,-40.4975,72.9,87,100,9.93,overcast clouds
Gubkinskiy,RU,2021-06-06 23:05:58,64.434,76.5026,37.58,64,10,10.4,clear sky
Guerrero Negro,MX,2021-06-06 23:14:35,27.9769,-114.0611,69.49,60,69,17.0,broken clouds
Guiong,PH,2021-06-06 23:05:59,6.4186,122.0258,80.73,80,92,0.92,overcast clouds
Haimen,CN,2021-06-06 23:14:36,23.1935,116.6142,78.69,77,94,18.16,overcast clouds
Half Moon Bay,US,2021-06-06 23:14:36,37.4636,-122.4286,83.57,61,1,10.36,haze
Hambantota,LK,2021-06-06 23:14:37,6.1241,81.1185,79.45,85,100,13.85,overcast clouds
Kumul,CN,2021-06-06 23:05:59,42.8,93.45,64.26,17,32,12.95,scattered clouds
Hamilton,US,2021-06-06 23:14:37,39.1834,-84.5333,83.59,61,20,8.55,few clouds
Hammerfest,NO,2021-06-06 23:06:00,70.6634,23.6821,39.65,81,0,5.75,clear sky
Hanmer Springs,NZ,2021-06-06 23:06:00,-42.5167,172.8167,47.34,99,100,1.63,overcast clouds
Harper,LR,2021-06-06 23:06:01,4.375,-7.7169,78.06,88,100,11.83,light rain
Hasaki,JP,2021-06-06 23:14:31,35.7333,140.8333,71.19,83,100,1.12,overcast clouds
Havelock,US,2021-06-06 23:14:38,34.8791,-76.9013,83.05,83,69,3.0,broken clouds
Havøysund,NO,2021-06-06 23:14:38,70.9963,24.6622,40.08,67,2,8.93,clear sky
Hay River,CA,2021-06-06 23:10:54,60.8156,-115.7999,49.64,52,52,7.76,broken clouds
Hemsedal,NO,2021-06-06 23:06:02,60.8629,8.5534,54.32,75,39,6.02,scattered clouds
Hengyang,CN,2021-06-06 23:06:02,26.8881,112.615,72.77,80,30,2.59,scattered clouds
Henties Bay,NA,2021-06-06 23:14:39,-22.116,14.2845,68.56,44,0,3.36,clear sky
Hermanus,ZA,2021-06-06 23:11:12,-34.4187,19.2345,66.9,44,1,11.43,clear sky
Hervey Bay,AU,2021-06-06 23:13:55,-25.2986,152.8535,68.04,77,1,4.0,clear sky
High Rock,BS,2021-06-06 23:06:03,26.6208,-78.2833,82.42,78,87,16.42,overcast clouds
Hilo,US,2021-06-06 23:12:53,19.7297,-155.09,84.27,72,40,11.5,light rain
Hithadhoo,MV,2021-06-06 23:11:19,-0.6,73.0833,82.74,73,11,12.35,few clouds
Hobart,AU,2021-06-06 23:10:12,-42.8794,147.3294,58.26,74,75,1.99,broken clouds
Hobyo,SO,2021-06-06 23:14:40,5.3505,48.5268,78.37,89,25,23.31,scattered clouds
Hofn,IS,2021-06-06 23:12:08,64.2539,-15.2082,46.99,98,95,12.75,moderate rain
Hokitika,NZ,2021-06-06 23:06:04,-42.7167,170.9667,53.74,84,100,7.9,overcast clouds
Honningsvåg,NO,2021-06-06 23:14:40,70.9821,25.9704,40.23,71,2,6.76,clear sky
Houma,US,2021-06-06 23:06:04,29.5958,-90.7195,80.6,84,75,6.91,broken clouds
Khovd,MN,2021-06-06 23:06:04,48.0056,91.6419,46.08,45,3,3.4,clear sky
Hrebinka,UA,2021-06-06 23:06:05,50.1171,32.4361,53.83,95,93,7.27,overcast clouds
Hriňová,SK,2021-06-06 23:06:05,48.5779,19.5257,57.2,84,48,2.93,scattered clouds
Hualmay,PE,2021-06-06 23:06:06,-11.0964,-77.6139,64.92,83,31,10.69,scattered clouds
Huánuco,PE,2021-06-06 23:01:57,-9.9329,-76.2415,64.27,89,85,6.08,overcast clouds
Huilong,CN,2021-06-06 23:06:06,31.8111,121.655,75.04,65,20,10.33,moderate rain
Husavik,IS,2021-06-06 23:14:41,66.0449,-17.3389,47.25,82,72,3.38,broken clouds
Iberia,US,2021-06-06 23:01:58,29.9502,-91.7507,87.98,83,75,10.83,broken clouds
Ibrā’,OM,2021-06-06 23:06:07,22.6906,58.5334,78.69,81,0,2.53,clear sky
Igaci,BR,2021-06-06 23:06:07,-9.5369,-36.6336,68.74,95,1,3.49,clear sky
Igarka,RU,2021-06-06 23:14:42,67.4667,86.5833,32.88,89,99,6.93,overcast clouds
Ilhabela,BR,2021-06-06 23:14:42,-23.7781,-45.3581,69.53,91,34,6.55,scattered clouds
Illapel,CL,2021-06-06 23:06:08,-31.6308,-71.1653,57.51,78,100,0.96,overcast clouds
Ingham,US,2021-06-06 23:14:43,42.6,-84.3833,87.42,48,40,6.91,scattered clouds
Inuvik,CA,2021-06-06 23:06:08,68.3499,-133.7218,51.17,35,4,10.11,clear sky
Inverell,AU,2021-06-06 23:06:08,-29.7833,151.1167,55.67,55,2,3.0,clear sky
Ipameri,BR,2021-06-06 23:06:09,-17.7219,-48.1597,71.98,44,100,2.91,overcast clouds
Iqaluit,CA,2021-06-06 23:12:34,63.7506,-68.5145,33.53,93,75,5.01,light snow
Isangel,VU,2021-06-06 23:11:06,-19.55,169.2667,77.11,69,75,10.76,broken clouds
Isetskoye,RU,2021-06-06 23:06:09,56.4858,65.3226,54.43,64,16,7.11,few clouds
İskilip,TR,2021-06-06 23:06:10,40.7353,34.4739,52.05,83,5,5.91,clear sky
Itarema,BR,2021-06-06 23:06:10,-2.9248,-39.9167,77.4,86,26,8.16,scattered clouds
Itoman,JP,2021-06-06 23:14:44,26.1247,127.6694,75.97,92,75,13.8,broken clouds
Ivanava,BY,2021-06-06 23:06:10,52.1451,25.5365,54.7,93,30,7.67,scattered clouds
Iwanai,JP,2021-06-06 23:06:11,42.9744,140.5089,62.65,70,100,5.08,overcast clouds
Jacareacanga,BR,2021-06-06 23:04:29,-6.2222,-57.7528,78.8,72,99,1.05,overcast clouds
Jacqueville,CI,2021-06-06 23:06:11,5.2052,-4.4146,80.51,81,39,13.18,scattered clouds
Jaisalmer,IN,2021-06-06 23:14:07,26.9147,70.9181,86.04,56,0,17.67,clear sky
Jalu,LY,2021-06-06 23:14:45,29.0331,21.5482,74.97,31,0,9.04,clear sky
Jamestown,US,2021-06-06 23:14:45,42.097,-79.2353,83.52,47,1,6.91,clear sky
Jaqué,PA,2021-06-06 23:06:12,7.5175,-78.1703,80.76,84,100,1.86,light rain
Jatiroto,ID,2021-06-06 23:14:12,-7.8833,111.1167,72.32,96,32,2.17,scattered clouds
Jauja,PE,2021-06-06 23:06:12,-11.7758,-75.4966,52.45,71,76,3.89,broken clouds
Jieshi,CN,2021-06-06 23:13:44,22.8134,115.8257,77.27,80,20,16.91,few clouds
Jumla,NP,2021-06-06 23:06:13,29.2747,82.1838,54.36,87,17,3.51,few clouds
Juneau,US,2021-06-06 23:14:21,58.3019,-134.4197,54.84,88,75,1.99,light rain
Kabale,UG,2021-06-06 23:06:13,-1.2486,29.9899,55.54,91,66,3.33,broken clouds
Kaeo,NZ,2021-06-06 23:06:14,-35.1,173.7833,60.33,96,100,13.8,moderate rain
Kahului,US,2021-06-06 23:14:46,20.8947,-156.47,86.02,62,20,21.85,few clouds
Kaitangata,NZ,2021-06-06 23:14:47,-46.2817,169.8464,49.15,73,74,4.94,broken clouds
Kalengwa,ZM,2021-06-06 23:06:14,-13.4659,25.0027,54.77,62,17,7.34,few clouds
Kalmunai,LK,2021-06-06 23:14:47,7.4167,81.8167,80.33,79,97,2.73,overcast clouds
Kamaishi,JP,2021-06-06 23:06:15,39.2667,141.8833,68.95,63,100,4.56,overcast clouds
Kampot,KH,2021-06-06 23:06:15,10.6167,104.1833,78.85,83,100,9.42,overcast clouds
Kandrian,PG,2021-06-06 23:06:15,-6.2167,149.55,80.35,83,57,1.83,light rain
Kangaatsiaq,GL,2021-06-06 23:06:16,68.3065,-53.4641,37.4,89,45,10.38,scattered clouds
Kansk,RU,2021-06-06 23:06:16,56.2017,95.7175,50.97,82,74,18.07,broken clouds
Kapaa,US,2021-06-06 23:11:30,22.0752,-159.319,83.19,70,40,3.0,scattered clouds
Karoi,ZW,2021-06-06 23:06:17,-16.8099,29.6925,48.47,84,55,6.26,broken clouds
Karpathos,GR,2021-06-06 23:06:17,35.507,27.2132,68.65,69,3,10.8,clear sky
Karratha,AU,2021-06-06 23:14:49,-20.7377,116.8463,74.23,58,76,9.55,broken clouds
Kasempa,ZM,2021-06-06 23:06:18,-13.4584,25.8338,54.88,63,72,8.55,broken clouds
Katangli,RU,2021-06-06 23:06:18,51.7102,143.2326,39.69,94,100,16.42,overcast clouds
Katherine,AU,2021-06-06 23:06:18,-14.4667,132.2667,62.92,67,49,7.94,scattered clouds
Katsuura,JP,2021-06-06 23:11:16,35.1333,140.3,73.18,90,97,1.14,overcast clouds
Kattivākkam,IN,2021-06-06 23:14:49,13.2167,80.3167,85.06,80,88,11.34,overcast clouds
Kautokeino,NO,2021-06-06 23:06:19,69.0125,23.0412,48.24,50,10,4.59,clear sky
Kavaratti,IN,2021-06-06 23:06:19,10.5669,72.642,82.08,78,100,12.5,overcast clouds
Kavieng,PG,2021-06-06 23:14:08,-2.5744,150.7967,82.31,75,56,6.08,light rain
Kawalu,ID,2021-06-06 23:14:50,-7.3817,108.2082,71.01,98,77,1.14,broken clouds
Keningau,MY,2021-06-06 23:06:20,5.3378,116.1602,73.85,98,100,1.23,overcast clouds
Kerema,PG,2021-06-06 23:06:20,-7.9631,145.7785,76.71,93,100,2.98,light rain
Ketchikan,US,2021-06-06 23:14:50,55.3422,-131.6461,54.07,82,75,14.97,light rain
Khandyga,RU,2021-06-06 23:13:18,62.6667,135.6,61.34,58,100,5.5,overcast clouds
Kharp,RU,2021-06-06 23:06:21,66.8014,65.8081,33.73,78,8,6.06,clear sky
Khāsh,IR,2021-06-06 23:06:21,28.2211,61.2158,78.19,48,0,1.86,clear sky
Khatanga,RU,2021-06-06 23:14:51,71.9667,102.5,34.41,89,97,6.98,overcast clouds
Khomeyn,IR,2021-06-06 23:06:22,33.6423,50.0789,69.76,17,0,6.02,clear sky
Khuzdar,PK,2021-06-06 23:06:22,27.7384,66.6434,77.49,51,0,3.69,clear sky
Kidal,ML,2021-06-06 23:06:22,18.4411,1.4078,94.23,15,4,3.36,clear sky
Kifrī,IQ,2021-06-06 23:06:23,34.6959,44.9661,82.36,17,0,9.71,clear sky
Kikwit,CD,2021-06-06 23:06:23,-5.041,18.8162,71.11,85,49,2.3,scattered clouds
Kirakira,SB,2021-06-06 23:14:51,-10.4544,161.9205,82.06,78,76,7.81,broken clouds
Kismayo,SO,2021-06-06 23:06:23,-0.3582,42.5454,76.5,85,58,14.38,light rain
Kiunga,PG,2021-06-06 23:14:52,-6.1219,141.2906,75.2,98,99,2.24,overcast clouds
Klaksvík,FO,2021-06-06 23:14:52,62.2266,-6.589,49.12,99,100,15.57,overcast clouds
Kloulklubed,PW,2021-06-06 23:14:53,7.0419,134.2556,77.5,81,100,7.02,moderate rain
Koch Bihār,IN,2021-06-06 23:06:24,26.3167,89.4333,75.72,96,22,7.83,few clouds
Saint Paul Harbor,US,2021-06-06 23:10:56,57.79,-152.4072,55.89,52,12,6.13,few clouds
Kolomna,RU,2021-06-06 23:06:25,55.0794,38.7783,57.45,98,92,6.55,overcast clouds
Yangi Marg`ilon,UZ,2021-06-06 23:14:53,40.4272,71.7189,80.02,49,77,1.86,broken clouds
Korla,CN,2021-06-06 23:14:54,41.7597,86.1469,70.47,39,39,9.51,scattered clouds
Kortkeros,RU,2021-06-06 23:06:25,61.8106,51.5806,57.2,83,66,4.27,broken clouds
Koungou,YT,2021-06-06 23:06:26,-12.7336,45.2042,78.51,78,90,13.8,overcast clouds
Kralendijk,BQ,2021-06-06 23:06:26,12.15,-68.2667,79.97,81,100,19.77,overcast clouds
Krasnoarmeysk,RU,2021-06-06 23:06:26,51.0239,45.6969,60.3,85,34,5.14,scattered clouds
Kruisfontein,ZA,2021-06-06 23:12:06,-34.0033,24.7314,56.55,22,2,8.25,clear sky
Kulachi,PK,2021-06-06 23:06:27,31.9286,70.4592,94.1,29,0,3.76,clear sky
Kungurtug,RU,2021-06-06 23:06:27,50.5994,97.5228,37.99,92,100,3.04,overcast clouds
Kupang,ID,2021-06-06 23:06:27,-10.1667,123.5833,75.78,83,20,9.22,few clouds
Kurumkan,RU,2021-06-06 23:06:28,54.3,110.3,51.33,71,100,2.66,overcast clouds
Kyra,RU,2021-06-06 23:06:28,49.5776,111.9753,62.2,49,98,3.85,overcast clouds
La Mirada,US,2021-06-06 23:04:49,33.9172,-118.012,85.91,57,40,5.99,scattered clouds
La Palma,US,2021-06-06 23:06:28,33.8464,-118.0467,85.66,60,1,5.01,clear sky
Ladário,BR,2021-06-06 23:06:29,-19.0047,-57.6017,82.69,39,78,1.92,broken clouds
Lagoa,PT,2021-06-06 23:14:55,39.05,-27.9833,63.82,88,100,11.7,overcast clouds
Laguna,US,2021-06-06 23:10:52,38.421,-121.4238,96.46,28,1,5.99,clear sky
Lakes Entrance,AU,2021-06-06 23:06:29,-37.8811,147.981,56.57,65,100,10.78,overcast clouds
Lamar,US,2021-06-06 23:06:30,33.6668,-95.5836,84.11,67,20,6.64,few clouds
Laredo,US,2021-06-06 23:05:56,27.5064,-99.5075,100.4,44,1,11.5,clear sky
Laas,IT,2021-06-06 23:14:56,46.6166,10.7002,58.62,94,99,3.27,overcast clouds
Lata,PT,2021-06-06 23:04:45,40.1629,-8.3327,59.81,93,0,1.48,clear sky
Lavrentiya,RU,2021-06-06 23:14:56,65.5833,-171.0,34.79,94,100,3.24,light rain
Le Mars,US,2021-06-06 23:06:30,42.7942,-96.1656,90.3,42,1,21.85,clear sky
Lebu,CL,2021-06-06 23:14:57,-37.6167,-73.65,48.79,79,91,4.21,overcast clouds
Leningradskiy,RU,2021-06-06 23:14:57,69.3833,178.4167,41.85,71,17,14.47,few clouds
Levelland,US,2021-06-06 23:06:31,33.5873,-102.378,94.19,22,23,7.25,few clouds
Liaoyang,CN,2021-06-06 23:06:32,41.2719,123.1731,66.52,54,0,4.76,clear sky
Liku,ID,2021-06-06 23:06:32,-0.7275,119.8922,73.85,96,100,1.52,light rain
Linqiong,CN,2021-06-06 23:05:12,30.4159,103.4609,78.78,62,100,2.53,overcast clouds
Linxia Chengguanzhen,CN,2021-06-06 23:06:32,35.6003,103.2064,57.38,68,100,1.97,overcast clouds
Llata,PE,2021-06-06 23:06:33,-9.4167,-76.7833,53.31,87,98,5.41,overcast clouds
Lodwar,KE,2021-06-06 23:06:33,3.1191,35.5973,84.79,38,40,20.78,scattered clouds
Lompoc,US,2021-06-06 23:13:34,34.6391,-120.4579,76.78,72,90,8.99,overcast clouds
Long Branch,US,2021-06-06 23:03:54,40.3043,-73.9924,93.79,53,1,1.99,clear sky
Longyearbyen,SJ,2021-06-06 23:14:59,78.2186,15.6401,35.44,75,0,8.05,clear sky
Lorengau,PG,2021-06-06 23:14:59,-2.0226,147.2712,82.85,70,90,5.91,overcast clouds
Los Llanos de Aridane,ES,2021-06-06 23:10:56,28.6585,-17.9182,64.15,82,90,12.53,overcast clouds
Los Reyes Acaquilpan,MX,2021-06-06 23:06:34,19.35,-98.9667,76.75,31,75,4.41,broken clouds
Luga,RU,2021-06-06 23:06:35,58.7372,29.8453,55.2,82,55,5.53,broken clouds
Lüderitz,NA,2021-06-06 23:15:00,-26.6481,15.1594,68.52,31,1,10.04,clear sky
Lukovetskiy,RU,2021-06-06 23:06:35,64.2956,41.9211,35.58,63,4,7.56,clear sky
Lys'va,RU,2021-06-06 23:06:36,58.1086,57.8053,55.31,72,59,3.65,broken clouds
Lyuban',BY,2021-06-06 23:06:36,52.7985,28.0048,54.34,92,10,7.67,clear sky
Mackay,AU,2021-06-06 23:15:00,-21.15,149.2,67.05,77,90,14.03,overcast clouds
Mahajanga,MG,2021-06-06 23:06:37,-15.7167,46.3167,73.42,83,20,2.3,few clouds
Mahébourg,MU,2021-06-06 23:13:55,-20.4081,57.7,71.26,83,38,14.18,light rain
Makakilo City,US,2021-06-06 23:06:37,21.3469,-158.0858,82.72,55,40,12.66,scattered clouds
Makushino,RU,2021-06-06 23:06:38,55.2103,67.2442,54.36,52,1,5.41,clear sky
Malartic,CA,2021-06-06 23:06:38,48.1335,-78.1328,73.22,66,64,15.97,light rain
Malaut,IN,2021-06-06 23:06:38,30.2167,74.4833,92.82,27,0,6.24,clear sky
Mana,GF,2021-06-06 23:06:39,5.6592,-53.7767,76.14,89,100,6.29,overcast clouds
Manaure,CO,2021-06-06 23:06:39,11.7751,-72.4445,82.65,69,100,21.34,overcast clouds
Mandalgovi,MN,2021-06-06 23:15:01,45.7625,106.2708,44.74,75,5,19.69,clear sky
Mandurah,AU,2021-06-06 23:06:39,-32.55,115.7,48.97,76,13,10.11,few clouds
Manggar,ID,2021-06-06 23:15:02,-2.8833,108.2667,81.84,77,80,9.86,broken clouds
Mankono,CI,2021-06-06 23:06:40,8.0586,-6.1897,76.48,80,96,7.29,light rain
Manzanillo,CU,2021-06-06 23:06:40,20.3433,-77.1167,81.99,78,43,6.38,moderate rain
Mapiri,BO,2021-06-06 23:06:41,-15.25,-68.1667,67.86,98,70,1.39,broken clouds
Mar del Plata,AR,2021-06-06 23:15:03,-38.0023,-57.5575,54.12,69,0,8.99,clear sky
Maragogi,BR,2021-06-06 23:06:41,-9.0122,-35.2225,75.79,84,8,8.25,clear sky
Marang,MY,2021-06-06 23:06:42,5.2056,103.2059,78.19,85,100,4.21,overcast clouds
Mareeba,AU,2021-06-06 23:06:42,-17.0,145.4333,68.72,87,86,5.93,overcast clouds
Mariental,NA,2021-06-06 23:06:42,-24.6333,17.9667,52.86,43,0,14.72,clear sky
Marília,BR,2021-06-06 23:06:43,-22.2139,-49.9458,67.17,45,40,4.27,scattered clouds
Marsá Maţrūḩ,EG,2021-06-06 23:06:43,31.3525,27.2453,69.6,68,0,9.31,clear sky
Marsabit,KE,2021-06-06 23:06:44,2.3284,37.9899,63.36,74,18,20.96,few clouds
Marsh Harbour,BS,2021-06-06 23:05:16,26.5412,-77.0636,79.52,77,97,13.35,overcast clouds
Matamoros,MX,2021-06-06 23:06:44,25.5333,-103.25,100.51,12,40,9.82,scattered clouds
Matara,LK,2021-06-06 23:15:04,5.9485,80.5353,78.22,90,96,9.71,overcast clouds
Mataura,NZ,2021-06-06 23:12:55,-46.1927,168.8643,49.48,77,59,3.38,broken clouds
Mayo,US,2021-06-06 23:15:05,38.8876,-76.5119,91.35,63,1,12.12,clear sky
Mazagão,BR,2021-06-06 23:06:45,-0.115,-51.2894,82.45,90,67,5.12,broken clouds
Makkah al Mukarramah,SA,2021-06-06 23:12:08,21.4267,39.8261,85.55,55,23,3.56,few clouds
Merauke,ID,2021-06-06 23:12:04,-8.4667,140.3333,76.5,90,99,13.65,overcast clouds
Meulaboh,ID,2021-06-06 23:10:16,4.1363,96.1285,74.19,88,100,5.39,light rain
Millinocket,US,2021-06-06 23:06:45,45.6573,-68.7098,84.22,61,1,0.0,clear sky
Mingoyo,TZ,2021-06-06 23:06:46,-10.1,39.6333,65.71,86,3,4.52,clear sky
Mingyue,CN,2021-06-06 23:06:46,43.1069,128.9217,59.61,84,12,2.35,few clouds
Marabu,MY,2021-06-06 23:15:06,4.4148,114.0089,76.8,87,100,4.7,overcast clouds
Mitú,CO,2021-06-06 23:06:46,1.1983,-70.1733,73.83,97,98,2.13,overcast clouds
Mizque,BO,2021-06-06 23:06:47,-17.941,-65.3402,59.07,81,37,4.27,scattered clouds
Moose Factory,CA,2021-06-06 23:15:06,51.2585,-80.6094,87.69,42,99,12.3,overcast clouds
Morant Bay,JM,2021-06-06 23:06:48,17.8815,-76.4093,87.62,78,14,11.88,few clouds
Morón,AR,2021-06-06 23:06:48,-34.6534,-58.6198,53.02,82,99,3.0,light rain
Mount Isa,AU,2021-06-06 23:15:07,-20.7333,139.5,64.17,36,0,8.05,clear sky
Muisne,EC,2021-06-06 23:06:49,0.6,-80.0333,76.57,85,100,11.74,overcast clouds
Muli,MV,2021-06-06 23:06:49,2.9167,73.5667,82.94,76,41,14.7,scattered clouds
Mutoko,ZW,2021-06-06 23:06:49,-17.397,32.2268,46.17,80,68,3.36,broken clouds
Mwanza,TZ,2021-06-06 23:06:50,-2.5167,32.9,68.63,64,28,8.75,scattered clouds
Mwinilunga,ZM,2021-06-06 23:06:50,-11.7358,24.4293,54.88,68,60,5.19,broken clouds
My Tho,VN,2021-06-06 23:06:51,10.35,106.35,80.64,93,100,4.99,overcast clouds
Nabire,ID,2021-06-06 23:06:51,-3.3667,135.4833,78.01,88,87,1.79,overcast clouds
Najrān,SA,2021-06-06 23:06:51,17.4924,44.1277,80.08,25,8,6.71,clear sky
Nakhon Phanom,TH,2021-06-06 23:06:52,17.3333,104.4167,74.71,96,100,1.19,overcast clouds
Nālūt,LY,2021-06-06 23:06:52,30.3333,10.85,87.42,12,34,16.96,scattered clouds
Nambutalai,IN,2021-06-06 23:06:53,9.7167,79.0,82.44,74,68,11.86,broken clouds
Mossamedes,AO,2021-06-06 23:12:14,-15.1961,12.1522,74.14,50,41,9.26,scattered clouds
Namie,JP,2021-06-06 23:06:53,37.4833,141.0,70.97,77,100,2.04,overcast clouds
Nānākuli,US,2021-06-06 23:06:54,21.3906,-158.1547,84.15,56,40,18.23,scattered clouds
Nanlong,CN,2021-06-06 23:05:12,31.3533,106.0631,76.87,62,100,4.36,light rain
Nanortalik,GL,2021-06-06 23:15:09,60.1432,-45.2371,44.28,74,100,13.91,overcast clouds
Narsaq,GL,2021-06-06 23:15:10,60.9167,-46.05,53.82,66,100,3.4,overcast clouds
Naze,JP,2021-06-06 23:13:54,28.3667,129.4833,69.19,94,100,3.4,light rain
Ndioum,SN,2021-06-06 23:06:54,16.5129,-14.6471,100.58,12,1,7.38,clear sky
Necochea,AR,2021-06-06 23:15:10,-38.5473,-58.7368,44.04,57,100,6.82,overcast clouds
New Norfolk,AU,2021-06-06 23:15:11,-42.7826,147.0587,57.92,77,100,3.0,overcast clouds
Newport,GB,2021-06-06 23:01:56,51.5877,-2.9984,59.11,86,7,3.44,clear sky
Nezhinskiy,RU,2021-06-06 23:06:55,43.9283,42.6856,50.09,96,100,7.4,light rain
Nhamundá,BR,2021-06-06 23:06:56,-2.1861,-56.7131,79.99,70,99,2.62,overcast clouds
Níjar,ES,2021-06-06 23:06:56,36.9665,-2.206,65.84,88,0,2.66,clear sky
Nikolskoye,RU,2021-06-06 23:15:11,59.7035,30.7861,58.89,83,70,3.65,broken clouds
Nishihara,JP,2021-06-06 23:15:12,26.1842,127.7558,75.25,91,90,6.17,light rain
Nizhnevartovsk,RU,2021-06-06 23:06:57,60.9344,76.5531,37.42,93,0,0.0,clear sky
Nokaneng,BW,2021-06-06 23:06:57,-19.6667,22.2667,49.19,60,0,5.73,clear sky
Nome,US,2021-06-06 23:15:12,64.5011,-165.4064,37.17,75,90,11.5,overcast clouds
Norman Wells,CA,2021-06-06 23:10:22,65.282,-126.8329,51.84,71,75,5.75,light rain
Norsup,VU,2021-06-06 23:06:58,-16.0667,167.3833,78.3,73,94,12.55,overcast clouds
Northam,GB,2021-06-06 23:06:58,51.0333,-4.2167,56.3,93,17,4.12,few clouds
Novikovo,RU,2021-06-06 23:06:58,51.1537,37.8879,53.51,94,13,4.43,few clouds
Nyakahanga,TZ,2021-06-06 23:06:59,-1.6033,31.1414,59.23,79,61,2.64,broken clouds
Nyurba,RU,2021-06-06 23:06:59,63.2842,118.3319,50.67,64,92,13.82,overcast clouds
Oga,IT,2021-06-06 23:06:59,46.4631,10.347,51.69,95,99,3.85,overcast clouds
Oistins,BB,2021-06-06 23:15:13,13.0667,-59.5333,80.69,65,20,19.57,few clouds
Okha,RU,2021-06-06 23:03:28,53.5739,142.9478,37.33,96,100,13.56,overcast clouds
Oktyabr'skoye,RU,2021-06-06 23:07:00,43.0645,44.7417,55.54,100,96,4.68,overcast clouds
Omboué,GA,2021-06-06 23:07:00,-1.5746,9.2618,75.94,95,87,4.43,overcast clouds
Opuwo,NA,2021-06-06 23:03:28,-18.0607,13.84,55.89,46,1,4.05,clear sky
Oranjemund,NA,2021-06-06 23:07:01,-28.55,16.4333,66.47,33,0,10.33,clear sky
Oriximiná,BR,2021-06-06 23:07:01,-1.7656,-55.8661,82.42,67,98,2.3,overcast clouds
Ormara,PK,2021-06-06 23:07:02,25.2088,64.6357,83.17,76,43,7.54,scattered clouds
Osmeña,PH,2021-06-06 23:07:03,10.5208,119.9258,82.83,79,100,6.73,overcast clouds
Ossora,RU,2021-06-06 23:07:03,59.2353,163.0719,40.46,94,100,5.68,overcast clouds
Östersund,SE,2021-06-06 23:07:03,63.1792,14.6357,55.62,100,100,10.36,light rain
Ostrovnoy,RU,2021-06-06 23:13:09,68.0531,39.5131,37.96,93,7,6.53,clear sky
Ottawa,CA,2021-06-06 23:04:37,45.4112,-75.6981,84.72,80,83,8.57,broken clouds
Ous,RU,2021-06-06 23:07:04,60.9058,61.5186,47.5,49,72,4.61,broken clouds
Ovalle,CL,2021-06-06 23:07:04,-30.5983,-71.2003,62.29,64,51,4.23,broken clouds
Oyama,JP,2021-06-06 23:15:15,36.3,139.8,73.81,75,100,1.43,overcast clouds
Paamiut,GL,2021-06-06 23:12:43,61.994,-49.6678,38.16,98,100,3.13,light rain
Pacific Grove,US,2021-06-06 23:12:24,36.6177,-121.9166,80.02,70,1,1.99,clear sky
Padang,ID,2021-06-06 23:11:49,-0.9492,100.3543,75.6,78,78,3.83,broken clouds
Palana,RU,2021-06-06 23:07:05,59.1167,159.9667,44.17,75,100,2.64,overcast clouds
Palmer,US,2021-06-06 23:07:05,42.1584,-72.3287,88.97,49,52,4.09,broken clouds
Pandan,PH,2021-06-06 23:07:06,14.0453,124.1694,81.81,78,100,3.11,overcast clouds
Pangkalanbuun,ID,2021-06-06 23:15:16,-2.6833,111.6167,73.96,98,82,2.44,broken clouds
Pangnirtung,CA,2021-06-06 23:15:16,66.1451,-65.7125,32.49,93,26,2.86,scattered clouds
Pānsemāl,IN,2021-06-06 23:06:11,21.65,74.7,81.91,70,50,9.31,scattered clouds
Paracuru,BR,2021-06-06 23:07:07,-3.41,-39.0306,81.1,83,17,8.81,few clouds
Penalva,BR,2021-06-06 23:07:07,-3.2942,-45.1736,79.36,69,66,0.34,broken clouds
Penzance,GB,2021-06-06 23:07:07,50.1186,-5.5371,54.61,92,37,7.0,scattered clouds
Perbaungan,ID,2021-06-06 23:07:08,3.5679,98.956,77.11,87,72,3.62,broken clouds
Petukhovo,RU,2021-06-06 23:07:08,55.0692,67.9019,54.81,56,4,4.68,clear sky
Pevek,RU,2021-06-06 23:15:17,69.7008,170.3133,48.31,66,29,13.11,scattered clouds
Pimentel,PE,2021-06-06 23:15:18,-6.8367,-79.9342,68.29,84,90,3.0,overcast clouds
Pińczów,PL,2021-06-06 23:07:08,50.5205,20.5265,60.94,77,82,3.76,broken clouds
Pingzhuang,CN,2021-06-06 23:07:09,42.0372,119.2889,67.3,46,81,12.8,light rain
Pisco,PE,2021-06-06 23:14:56,-13.7,-76.2167,64.45,77,0,8.05,clear sky
Pitsunda,GE,2021-06-06 23:07:09,43.1592,40.3378,55.58,80,73,8.88,broken clouds
Plácido de Castro,BR,2021-06-06 23:15:18,-10.3353,-67.1856,79.59,72,94,2.71,overcast clouds
Plast,RU,2021-06-06 23:07:10,54.3691,60.8136,54.07,54,37,4.68,scattered clouds
Pochutla,MX,2021-06-06 23:07:10,15.7432,-96.4661,86.85,75,94,7.09,overcast clouds
Ponta do Sol,PT,2021-06-06 23:13:15,32.6667,-17.1,66.83,73,4,5.88,clear sky
Port Alfred,ZA,2021-06-06 23:15:19,-33.5906,26.891,64.06,35,0,8.34,clear sky
Port Augusta,AU,2021-06-06 23:15:19,-32.5,137.7667,57.7,63,5,17.69,clear sky
Port Blair,IN,2021-06-06 23:15:19,11.6667,92.75,83.75,76,100,12.01,overcast clouds
Port Elizabeth,ZA,2021-06-06 23:12:11,-33.918,25.5701,62.28,28,0,9.8,clear sky
Port Hardy,CA,2021-06-06 23:15:20,50.6996,-127.4199,53.6,66,100,7.74,overcast clouds
Port Lincoln,AU,2021-06-06 23:13:28,-34.7333,135.8667,60.82,52,94,23.8,overcast clouds
Port Macquarie,AU,2021-06-06 23:05:24,-31.4333,152.9167,54.9,60,5,4.45,clear sky
Port Moresby,PG,2021-06-06 23:04:21,-9.4431,147.1797,76.75,87,100,5.28,overcast clouds
Port-Cartier,CA,2021-06-06 23:07:11,50.0334,-66.8654,54.03,62,61,6.85,broken clouds
Portland,US,2021-06-06 23:13:46,45.5234,-122.6762,65.62,55,75,1.01,broken clouds
Porto-Novo,BJ,2021-06-06 23:07:12,6.4965,2.6036,79.36,82,86,6.89,overcast clouds
Porto Santo,PT,2021-06-06 23:07:12,33.072,-16.3415,66.11,77,40,8.05,scattered clouds
Portobelo,PA,2021-06-06 23:15:21,9.55,-79.65,82.81,84,96,5.44,overcast clouds
Praia,CV,2021-06-06 23:13:26,14.9215,-23.5087,73.94,73,40,19.57,scattered clouds
Praia da Vitória,PT,2021-06-06 23:15:21,38.7333,-27.0667,65.75,93,99,4.23,overcast clouds
Praia,CV,2021-06-06 23:07:13,14.9215,-23.5087,73.94,73,40,19.57,scattered clouds
Price,US,2021-06-06 23:07:13,39.5994,-110.8107,92.46,9,1,12.66,clear sky
Prince Rupert,CA,2021-06-06 23:04:39,54.3161,-130.3201,51.89,76,90,5.75,light rain
Princeton,US,2021-06-06 23:07:14,25.5384,-80.4089,85.01,76,20,12.66,few clouds
Provideniya,RU,2021-06-06 23:15:22,64.3833,-173.3,42.91,61,75,4.47,broken clouds
Puerto Ayora,EC,2021-06-06 23:15:22,-0.7393,-90.3518,74.55,90,38,1.99,scattered clouds
Puerto Baquerizo Moreno,EC,2021-06-06 23:07:14,-0.9,-89.6,73.8,80,61,14.43,broken clouds
Port Montt,CL,2021-06-06 23:07:14,-41.4698,-72.9447,49.03,81,90,11.21,overcast clouds
Puerto Quijarro,BO,2021-06-06 23:07:15,-17.7833,-57.7667,81.54,40,26,1.36,scattered clouds
Pullman,US,2021-06-06 23:07:15,46.7313,-117.1796,61.41,51,90,7.0,overcast clouds
Punta Arenas,CL,2021-06-06 23:10:52,-53.15,-70.9167,41.11,81,0,11.81,clear sky
Qaanaaq,GL,2021-06-06 23:14:54,77.484,-69.3632,40.37,76,59,5.39,broken clouds
Qaqortoq,GL,2021-06-06 23:13:11,60.7167,-46.0333,54.1,80,100,4.9,overcast clouds
Qasigiannguit,GL,2021-06-06 23:07:16,68.8193,-51.1922,37.65,83,72,2.73,broken clouds
Qax,AZ,2021-06-06 23:07:16,41.4225,46.9242,54.59,96,100,3.6,overcast clouds
Qingdao,CN,2021-06-06 23:07:16,36.0986,120.3719,82.0,51,0,7.92,clear sky
Quatre Cocos,MU,2021-06-06 23:15:24,-20.2078,57.7625,75.31,83,34,13.87,light rain
Quelimane,MZ,2021-06-06 23:07:17,-17.8786,36.8883,64.35,94,20,3.44,few clouds
Rāichūr,IN,2021-06-06 23:07:17,16.2,77.3667,80.83,67,74,11.03,broken clouds
Rantoul,US,2021-06-06 23:07:17,40.3084,-88.1559,83.08,61,75,14.97,broken clouds
Raudeberg,NO,2021-06-06 23:07:18,61.9875,5.1352,52.47,95,8,7.18,clear sky
Rawson,AR,2021-06-06 23:15:24,-43.3002,-65.1023,49.62,51,53,21.47,broken clouds
Reinosa,ES,2021-06-06 23:07:18,42.9996,-4.138,50.86,98,85,0.94,overcast clouds
Ribeira Grande,PT,2021-06-06 23:15:25,38.5167,-28.7,65.16,87,100,7.65,overcast clouds
Richards Bay,ZA,2021-06-06 23:15:25,-28.783,32.0377,58.06,80,0,7.25,clear sky
Rikitea,PF,2021-06-06 23:10:53,-23.1203,-134.9692,76.77,83,98,15.23,overcast clouds
Rio Claro,BR,2021-06-06 23:07:19,-22.4114,-47.5614,65.8,57,83,3.71,broken clouds
Río Gallegos,AR,2021-06-06 23:07:19,-51.6226,-69.2181,39.25,81,40,6.91,scattered clouds
Road Town,VG,2021-06-06 23:13:36,18.4167,-64.6167,80.69,78,40,11.5,scattered clouds
Roebourne,AU,2021-06-06 23:07:19,-20.7833,117.1333,74.41,55,70,9.35,broken clouds
Russell,US,2021-06-06 23:07:20,32.3502,-85.1999,87.51,83,75,4.25,broken clouds
Sabha,LY,2021-06-06 23:07:20,27.0377,14.4283,82.11,18,60,12.55,broken clouds
Sādri,IN,2021-06-06 23:07:21,25.1833,73.4333,84.52,48,24,7.61,few clouds
Saint Anthony,US,2021-06-06 23:11:43,45.0205,-93.218,91.96,38,20,3.0,few clouds
Saint George,US,2021-06-06 23:13:00,37.1041,-113.5841,102.67,11,1,4.0,clear sky
Arrondissement de Saint-Denis,FR,2021-06-06 23:07:21,48.9167,2.3333,64.15,78,0,3.0,clear sky
Saint-Joseph,RE,2021-06-06 23:07:21,-21.3667,55.6167,71.98,86,70,13.06,light rain
Saint-Philippe,RE,2021-06-06 23:11:01,-21.3585,55.7679,72.99,86,77,13.82,light rain
Sainte-Marie,RE,2021-06-06 23:07:22,-20.8968,55.5496,73.56,83,75,3.44,light rain
Sakakah,SA,2021-06-06 23:07:22,29.9697,40.2064,81.81,18,0,9.44,clear sky
Salalah,OM,2021-06-06 23:15:27,17.0151,54.0924,84.29,89,40,5.75,scattered clouds
Saldanha,ZA,2021-06-06 23:15:27,-33.0117,17.9442,68.67,36,2,26.78,clear sky
Salekhard,RU,2021-06-06 23:07:23,66.53,66.6019,34.95,69,4,5.73,clear sky
Salinas,US,2021-06-06 23:13:03,36.6777,-121.6555,80.42,59,1,17.27,clear sky
Samarai,PG,2021-06-06 23:15:28,-10.6167,150.6667,78.67,88,99,15.39,overcast clouds
Sampit,ID,2021-06-06 23:07:23,-2.5333,112.95,74.48,97,78,2.04,broken clouds
San Andrés,CO,2021-06-06 23:15:29,12.5847,-81.7006,82.53,81,43,17.87,scattered clouds
Bariloche,AR,2021-06-06 23:07:24,-41.1456,-71.3082,40.75,65,90,7.43,light rain
San Cristobal,VE,2021-06-06 23:14:29,7.7669,-72.225,67.24,98,100,2.59,overcast clouds
San Isidro,PE,2021-06-06 23:07:24,-12.1167,-77.05,66.02,86,90,8.9,overcast clouds
San Jerónimo,PE,2021-06-06 23:07:25,-11.9472,-75.2829,52.18,71,59,3.51,broken clouds
San Jose,US,2021-06-06 23:05:09,37.3394,-121.895,84.96,38,20,1.01,few clouds
San Juan,AR,2021-06-06 23:15:29,-31.5375,-68.5364,66.72,52,0,8.97,clear sky
San Lorenzo,PY,2021-06-06 23:07:25,-25.3333,-57.5333,67.14,83,90,7.18,overcast clouds
San Patricio,US,2021-06-06 23:15:30,28.017,-97.5169,90.28,73,14,14.43,few clouds
San Policarpo,PH,2021-06-06 23:15:30,12.1791,125.5072,79.14,86,100,3.8,overcast clouds
San Quintín,MX,2021-06-06 23:15:31,30.4833,-115.95,65.57,64,13,10.78,few clouds
San Ramon,US,2021-06-06 23:07:25,37.7799,-121.978,88.48,45,1,8.99,clear sky
San Vicente,AR,2021-06-06 23:07:26,-26.6167,-54.1333,58.26,98,100,1.92,moderate rain
Santa Barbara,US,2021-06-06 23:03:32,34.7333,-120.0343,70.23,52,1,8.7,clear sky
Santarém,BR,2021-06-06 23:07:26,-2.4431,-54.7083,78.93,94,0,3.44,clear sky
São João,BR,2021-06-06 23:07:27,-8.8756,-36.3667,64.33,99,21,4.65,few clouds
São João da Barra,BR,2021-06-06 23:13:46,-21.6403,-41.0511,74.34,85,100,13.82,light rain
São Miguel do Tapuio,BR,2021-06-06 23:07:27,-5.5036,-41.3233,80.15,52,58,7.25,broken clouds
Saryg-Sep,RU,2021-06-06 23:07:28,51.5,95.6,40.19,87,99,1.77,overcast clouds
Saskylakh,RU,2021-06-06 23:15:32,71.9167,114.0833,39.24,56,77,4.59,broken clouds
Savannah Bight,HN,2021-06-06 23:15:32,16.45,-85.85,86.0,82,82,28.5,broken clouds
Sawākin,SD,2021-06-06 23:07:28,19.1059,37.3321,82.53,64,26,8.43,scattered clouds
Sechura,PE,2021-06-06 23:04:48,-5.5569,-80.8222,72.81,67,96,16.91,overcast clouds
Serebryansk,KZ,2021-06-06 23:07:29,49.6925,83.2892,42.35,66,1,1.95,clear sky
Severo-Kuril'sk,RU,2021-06-06 23:15:33,50.6789,156.125,43.0,93,100,10.89,overcast clouds
Severo-Yeniseyskiy,RU,2021-06-06 23:15:34,60.3725,93.0408,39.87,96,100,2.93,light rain
Shache,CN,2021-06-06 23:07:29,38.4167,77.2406,75.52,22,36,9.04,scattered clouds
Shahdad Kot,PK,2021-06-06 23:07:30,27.8477,67.9055,94.05,40,0,12.5,clear sky
Shelburne,CA,2021-06-06 23:07:30,44.0787,-80.2041,82.67,72,12,9.42,few clouds
Shelbyville,US,2021-06-06 23:02:56,35.4834,-86.4603,74.52,83,1,8.05,clear sky
Shetpe,KZ,2021-06-06 23:07:30,44.1667,52.1167,67.23,68,16,7.09,few clouds
Shīeli,KZ,2021-06-06 23:07:31,44.1667,66.75,74.77,47,0,6.02,clear sky
Shimoda,JP,2021-06-06 23:07:31,34.6667,138.95,73.17,83,95,3.44,overcast clouds
Shingū,JP,2021-06-06 23:15:35,33.7333,135.9833,70.79,80,100,0.67,overcast clouds
Shizunai-furukawachō,JP,2021-06-06 23:07:32,42.3339,142.3669,58.5,81,90,4.76,overcast clouds
Shunyi,CN,2021-06-06 23:07:32,40.125,116.6453,75.83,58,0,6.71,clear sky
Sierpc,PL,2021-06-06 23:07:32,52.8568,19.6691,55.83,92,90,6.02,overcast clouds
Sinnamary,GF,2021-06-06 23:12:26,5.3833,-52.95,76.01,89,100,5.66,overcast clouds
Siocon,PH,2021-06-06 23:07:33,7.7061,122.1353,79.9,75,97,1.48,overcast clouds
Sisimiut,GL,2021-06-06 23:07:33,66.9395,-53.6735,42.8,83,100,3.15,overcast clouds
Sitka,US,2021-06-06 23:15:36,57.0531,-135.33,53.49,71,75,4.61,light rain
Snyder,US,2021-06-06 23:04:59,32.7179,-100.9176,91.74,46,40,9.22,scattered clouds
Sobolevo,RU,2021-06-06 23:07:34,54.4299,31.8996,54.46,92,57,6.53,broken clouds
Soledade,BR,2021-06-06 23:04:15,-28.8183,-52.5103,52.75,98,100,9.06,overcast clouds
Solnechnyy,RU,2021-06-06 23:07:34,50.7214,136.6319,55.81,84,78,4.05,broken clouds
Soltvadkert,HU,2021-06-06 23:07:35,46.5789,19.3939,60.82,78,0,4.81,clear sky
Sorata,BO,2021-06-06 23:07:35,-15.7667,-68.6333,43.0,94,51,2.28,broken clouds
Sørland,NO,2021-06-06 23:03:45,67.667,12.6934,52.21,84,99,7.27,overcast clouds
Sorong,ID,2021-06-06 23:07:36,-0.8833,131.25,79.21,85,98,6.49,overcast clouds
Sosnovo-Ozerskoye,RU,2021-06-06 23:07:36,52.5249,111.5418,48.9,75,98,6.87,overcast clouds
Souillac,MU,2021-06-06 23:12:33,-20.5167,57.5167,71.37,85,60,12.37,light rain
Soyo,AO,2021-06-06 23:07:37,-6.1349,12.3689,75.51,89,26,4.0,scattered clouds
Springbok,ZA,2021-06-06 23:07:37,-29.6643,17.8865,56.75,34,0,21.0,clear sky
Srednekolymsk,RU,2021-06-06 23:15:37,67.45,153.6833,44.58,71,100,15.57,overcast clouds
Srīvardhan,IN,2021-06-06 23:07:38,18.0333,73.0167,82.04,76,37,5.26,scattered clouds
Sur,OM,2021-06-06 23:15:38,22.5667,59.5289,83.82,78,0,11.39,clear sky
Forsytheganj,BY,2021-06-06 23:07:38,52.6333,29.7333,54.91,94,54,6.29,broken clouds
Swift Current,CA,2021-06-06 23:04:26,50.2834,-107.8014,62.94,45,82,12.77,broken clouds
Tabou,CI,2021-06-06 23:15:39,4.423,-7.3528,78.53,85,100,11.63,overcast clouds
Tabuk,PH,2021-06-06 23:07:39,17.4189,121.4443,75.79,92,100,3.11,overcast clouds
Tacna,PE,2021-06-06 23:07:39,-18.0056,-70.2483,56.3,81,57,3.47,broken clouds
Tadine,NC,2021-06-06 23:07:39,-21.55,167.8833,72.77,59,90,11.74,overcast clouds
Tagusao,PH,2021-06-06 23:07:40,9.1924,117.8141,80.91,82,100,4.56,overcast clouds
Takoradze,GH,2021-06-06 23:15:39,4.8845,-1.7554,79.43,81,10,9.66,clear sky
Talnakh,RU,2021-06-06 23:15:39,69.4865,88.3972,31.59,97,100,5.21,light snow
Tanout,NE,2021-06-06 23:04:11,14.9709,8.8879,89.19,30,98,4.29,overcast clouds
Taoudenni,ML,2021-06-06 23:07:40,22.6783,-3.9836,102.69,8,91,6.13,overcast clouds
Tasiilaq,GL,2021-06-06 23:13:29,65.6145,-37.6368,41.16,91,98,5.23,overcast clouds
Tawang Town,IN,2021-06-06 23:07:41,27.5833,91.8667,54.23,96,93,0.6,overcast clouds
Tazmalt,DZ,2021-06-06 23:07:41,36.3868,4.3989,65.41,89,19,3.6,few clouds
Tazovsky,RU,2021-06-06 23:02:55,67.4667,78.7,32.09,86,94,9.01,overcast clouds
Te Anau,NZ,2021-06-06 23:15:40,-45.4167,167.7167,42.51,84,12,1.21,few clouds
Teguise,ES,2021-06-06 23:07:41,29.0605,-13.564,64.62,77,75,16.73,broken clouds
Tevaitoa,PF,2021-06-06 23:07:42,-16.7833,-151.5,80.78,77,72,11.48,light rain
Tevriz,RU,2021-06-06 23:07:42,57.509,72.4042,52.5,79,42,3.15,scattered clouds
Teya,RU,2021-06-06 23:15:41,60.3778,92.6267,43.45,97,100,3.02,light rain
Thompson,CA,2021-06-06 23:15:41,55.7435,-97.8558,59.16,77,90,10.36,overcast clouds
Tieli,CN,2021-06-06 23:05:16,46.95,128.05,60.64,80,0,1.86,clear sky
Tieling,CN,2021-06-06 23:07:44,42.2931,123.8414,71.92,54,4,4.16,clear sky
Tigil',RU,2021-06-06 23:07:44,57.8,158.6667,55.31,57,85,6.6,overcast clouds
Tiksi,RU,2021-06-06 23:12:48,71.6872,128.8694,43.83,64,100,1.54,overcast clouds
Tilichiki,RU,2021-06-06 23:12:20,60.4667,166.1,37.87,96,100,6.15,light rain
Torbay,CA,2021-06-06 23:11:26,47.6666,-52.7314,43.75,89,75,17.27,broken clouds
Torzhok,RU,2021-06-06 23:07:45,57.0436,34.9622,56.3,82,72,4.56,broken clouds
Trairi,BR,2021-06-06 23:03:52,-3.2778,-39.2689,77.27,86,12,6.31,few clouds
Trat,TH,2021-06-06 23:15:43,12.5,102.5,78.78,97,98,1.52,moderate rain
Trelew,AR,2021-06-06 23:04:39,-43.249,-65.3051,48.88,50,61,15.79,broken clouds
Trindade,BR,2021-06-06 23:04:28,-16.6494,-49.4889,74.32,45,100,4.9,overcast clouds
Tsaratanana,MG,2021-06-06 23:07:46,-16.7833,47.65,66.6,73,75,13.31,broken clouds
Tual,ID,2021-06-06 23:07:47,-5.6667,132.75,81.27,78,100,14.43,overcast clouds
Tuatapere,NZ,2021-06-06 23:15:44,-46.1333,167.6833,49.82,79,18,4.63,few clouds
San Miguel de Tucumán,AR,2021-06-06 23:06:19,-26.8241,-65.2226,59.0,72,96,1.77,overcast clouds
Tuktoyaktuk,CA,2021-06-06 23:15:44,69.4541,-133.0374,35.6,75,90,13.8,overcast clouds
Tulun,RU,2021-06-06 23:07:47,54.5611,100.5792,48.0,74,53,4.03,broken clouds
Turukhansk,RU,2021-06-06 23:07:48,65.8167,87.9833,33.85,80,74,7.14,broken clouds
Ucluelet,CA,2021-06-06 23:03:49,48.9329,-125.5528,53.04,90,100,10.51,overcast clouds
Ulladulla,AU,2021-06-06 23:07:48,-35.35,150.4667,59.88,69,100,5.84,overcast clouds
Ulu-Telyak,RU,2021-06-06 23:07:49,54.9086,56.9669,50.79,86,4,1.83,clear sky
Umba,RU,2021-06-06 23:07:49,66.6871,34.3429,41.41,82,2,8.3,clear sky
Upernavik,GL,2021-06-06 23:13:33,72.7868,-56.1549,37.78,84,66,4.56,broken clouds
Urucará,BR,2021-06-06 23:07:49,-2.5364,-57.76,80.76,70,88,2.19,overcast clouds
Ushuaia,AR,2021-06-06 23:12:15,-54.8,-68.3,44.26,61,40,10.36,scattered clouds
Vaini,TO,2021-06-06 23:12:50,-21.2,-175.2,78.96,78,75,13.8,broken clouds
Van,TR,2021-06-06 23:07:50,38.4924,43.3831,49.35,66,0,4.61,clear sky
Vanimo,PG,2021-06-06 23:07:50,-2.6741,141.3028,78.62,89,100,7.09,overcast clouds
Vao,NC,2021-06-06 23:15:46,-22.6667,167.4833,70.11,65,99,16.35,overcast clouds
Vardø,NO,2021-06-06 23:14:47,70.3705,31.1107,39.15,74,6,1.88,clear sky
Verkhnyaya Inta,RU,2021-06-06 23:15:46,65.9811,60.3094,37.2,68,98,6.89,overcast clouds
Verkhnyaya Maksakovka,RU,2021-06-06 23:07:51,61.635,50.9674,57.22,82,75,6.71,broken clouds
Verkhoyansk,RU,2021-06-06 23:07:51,67.5447,133.385,54.46,38,89,10.58,overcast clouds
Vestmanna,FO,2021-06-06 23:07:52,62.1564,-7.1664,47.32,100,90,9.35,drizzle
Vestmannaeyjar,IS,2021-06-06 23:15:47,63.4427,-20.2734,47.98,88,100,16.33,overcast clouds
Hong Kong,HK,2021-06-06 23:15:44,22.2855,114.1577,82.38,83,47,1.99,scattered clouds
Viedma,AR,2021-06-06 23:15:47,-40.8135,-62.9967,49.87,44,98,11.36,overcast clouds
Vikeså,NO,2021-06-06 23:07:52,58.6376,6.0913,54.0,89,92,4.79,overcast clouds
Vikulovo,RU,2021-06-06 23:07:52,56.8167,70.6107,53.71,70,31,7.38,scattered clouds
Vila,PT,2021-06-06 23:15:48,42.0304,-8.1588,56.75,83,19,3.83,few clouds
Vila Franca do Campo,PT,2021-06-06 23:15:48,37.7167,-25.4333,64.81,86,100,1.83,overcast clouds
Vila Velha,BR,2021-06-06 23:12:47,-20.3297,-40.2925,73.35,90,0,1.01,clear sky
Vostok,RU,2021-06-06 23:15:49,46.4856,135.8833,60.08,58,73,4.05,broken clouds
Wagar,SD,2021-06-06 23:07:53,16.1525,36.2032,92.08,22,56,6.69,broken clouds
Waingapu,ID,2021-06-06 23:13:24,-9.6567,120.2641,77.5,83,42,6.58,scattered clouds
Waipawa,NZ,2021-06-06 23:15:49,-41.4122,175.5153,53.46,82,100,6.82,overcast clouds
Wakkanai,JP,2021-06-06 23:07:54,45.4094,141.6739,52.68,93,91,11.81,overcast clouds
Warwick,US,2021-06-06 23:07:54,41.7001,-71.4162,88.52,57,75,9.22,broken clouds
Watsa,CD,2021-06-06 23:07:54,3.0372,29.5355,61.2,96,68,2.64,broken clouds
Whitehaven,GB,2021-06-06 23:07:55,54.549,-3.5841,56.17,77,73,1.45,broken clouds
Whitehorse,CA,2021-06-06 23:15:50,60.7161,-135.0538,52.57,81,75,15.01,moderate rain
Władysławowo,PL,2021-06-06 23:07:55,54.7909,18.4009,57.94,65,18,3.13,few clouds
Wukari,NG,2021-06-06 23:07:56,7.85,9.7833,73.0,95,90,3.91,moderate rain
Wyndham,US,2021-06-06 23:07:56,37.6985,-77.6125,89.94,54,75,2.3,broken clouds
Xapuri,BR,2021-06-06 23:07:56,-10.6517,-68.5044,81.55,61,99,2.21,overcast clouds
Xiaoweizhai,CN,2021-06-06 23:07:56,26.1903,107.5125,67.8,80,42,1.86,scattered clouds
Oddur,SO,2021-06-06 23:07:57,4.1213,43.8894,73.0,74,30,20.13,scattered clouds
Yellowknife,CA,2021-06-06 23:15:51,62.456,-114.3525,50.56,55,75,5.99,broken clouds
Yeniseysk,RU,2021-06-06 23:07:57,58.4497,92.1703,54.39,94,100,9.42,overcast clouds
Yeppoon,AU,2021-06-06 23:07:57,-23.1333,150.7333,58.78,68,54,9.71,broken clouds
Yerbogachën,RU,2021-06-06 23:15:52,61.2767,108.0108,42.98,48,2,12.24,clear sky
Yulara,AU,2021-06-06 23:15:52,-25.2406,130.9889,46.24,66,37,4.61,scattered clouds
Yumen,CN,2021-06-06 23:07:58,40.2833,97.2,58.68,19,70,11.45,broken clouds
Yurimaguas,PE,2021-06-06 23:07:59,-5.9,-76.0833,75.61,92,88,2.35,overcast clouds
Zabul Province,AF,2021-06-06 23:07:59,32.25,67.25,71.55,18,0,5.53,clear sky
Zelenoborsk,RU,2021-06-06 23:07:59,61.4669,64.0333,44.55,50,86,5.01,overcast clouds
Zheleznodorozhnyy,RU,2021-06-06 23:08:00,55.7503,38.0042,61.32,93,94,5.06,overcast clouds
Zhigansk,RU,2021-06-06 23:08:00,66.7697,123.3711,52.45,40,100,12.12,overcast clouds
Zlobin,HR,2021-06-06 23:08:00,45.2924,14.6541,58.3,77,0,4.61,clear sky
Zuwārah,LY,2021-06-06 23:08:00,32.9312,12.082,82.36,30,43,10.18,scattered clouds
Zyryanka,RU,2021-06-06 23:08:01,65.75,150.85,46.0,73,100,11.59,overcast clouds
